Partei;Landeslistenplatz;Name;Beruf
SPD;2;Römer, Norbert;Journalist
SPD;3;Schulze, Svenja;Unternehmensberaterin
SPD;4;Körfges, Hans-Willi;Rechtsanwalt, Mitglied des Landtages
SPD;7;Müller-Witt, Elisabeth;Dipl.-Volkswirtin, Mitglied des Landtages
SPD;8;Ott, Jochen;Oberstudienrat a. D. , Mitglied des Landtages
SPD;9;Stotz, Marlies;Betriebswirtin, Mitglied des Landtages
SPD;10;Weske, Markus Herbert;Wiss. Referent, Mitglied des Landtages
SPD;11;Lux, Josefa Maria (Eva);Bürokauffrau, Hausfrau, Mitglied des Landtages
SPD;12;Stinka, André;Verwaltungsbeamter, Mitglied des Landtages
SPD;13;Watermann-Krass, Annette;Dipl.-Grafikdesignerin, Mitglied des Landtages
SPD;14;Van den Berg, Guido;Dipl.-Sozialwissenschaftler, Mitglied des Landtages
SPD;15;Spanier-Oppermann, Ina;Mitglied des Landtages
SPD;16;Wolf, Sven;Rechtsanwalt, Mitglied des Landtages
GRÜNE;1;Löhrmann, Sylvia;Landesministerin
GRÜNE;2;Remmel, Johannes;Landesminister
GRÜNE;3;Steffens, Barbara;Landesministerin, BTA, Mitglied des Landtages
GRÜNE;4;Mostofizadeh, Mehrdad;Wiss. Mitarbeiter, Mitglied des Landtages, Fraktionsvorsitzender
GRÜNE;5;Beer, Sigrid;Mitglied des Landtages
GRÜNE;6;Becker, Horst;Parlamentarischer Staatssekretär
GRÜNE;7;Düker, Monika;Dipl.-Sozialpädagogin
GRÜNE;8;Keymis, Oliver Martin;Regisseur
GRÜNE;9;Schäffer, Verena;Mitglied des Landtages
GRÜNE;10;Klocke, Arndt;Referent
GRÜNE;11;Paul, Josefine;Mitglied des Landtages
GRÜNE;12;Rüße, Norwich;Bio-Landwirt
GRÜNE;13;Aymaz, Berivan;Übersetzerin, Moderatorin
GRÜNE;14;Bolte-Richter, Matthi;Politikwissenschaftler
FDP;1;Lindner, Christian Wolfgang;Mitglied des Landtages
FDP;2;Stamp, Joachim, Dr.;Politikwissenschaftler, Mitglied des Landtages
FDP;3;Freimuth, Angela;Rechtsanwältin
FDP;4;Witzel, Ralf;Dipl.-Kaufmann, Mitglied des Landtages
FDP;5;Hafke, Marcel;Versicherungskaufmann, Mitglied des Landtages
FDP;6;Lürbke, Marc;Mitglied des Landtages
FDP;7;Rasche, Christof Elmar;Bankkaufmann, Mitglied des Landtages
FDP;8;Brockes, Dietmar;Mitglied des Landtages
FDP;9;Gebauer, Yvonne;Kauffrau
FDP;10;Höne, Henning;Industriekaufmann, Betriebswirt (VWA)
FDP;11;Wedel, Dirk;Mitglied des Landtages
FDP;12;Pfeil, Werner, Dr.;Rechtsanwalt
FDP;13;Bombis, Ralph;Geschäftsführer
FDP;14;Schneider, Susanne Anna;Pharmareferentin
FDP;15;Nückel, Thomas;Journalist
FDP;16;Körner, Moritz;Student
FDP;17;Terhaag, Andreas;Ingenieur
FDP;18;Paul, Stephen;Bankkaufmann, selbst. Berater
FDP;19;Matheisen, Rainer;Kaufmann
FDP;20;Diekhoff, Markus;Politikwissenschaftler
FDP;21;Freynick, Jörn;Selbst. Kommunikationstrainer
FDP;22;Lenzen, Stefan;Leitender kfm. Angestellter
FDP;23;Mangen, Christian;Rechtsanwalt
FDP;24;Hannen, Martina;Dipl.-Juristin
FDP;25;Müller-Rech, Franziska;Dipl.-Kauffrau (FH)
FDP;26;Middeldorf, Bodo;Geschäftsführer
FDP;27;Haupt, Stephan;Bautechniker, techn. Angestellter
FDP;28;Reuter, Ulrich;Verlagskaufmann
AfD;1;Pretzell, Marcus;Volljurist, Politiker
AfD;2;Beckamp, Roger;Rechtsanwalt
AfD;3;Neppe, Frank;Pensionär
AfD;4;Wagner, Markus;Unternehmer
AfD;5;Strotebeck, Herbert;Dipl.-Kaufmann (FH), Rentner
AfD;6;Seifen, Helmut;Schulleiter
AfD;7;Loose, Christian ;Dipl.-Kaufmann
AfD;8;Keith-Volkmer, Andreas;Angestellter
AfD;9;Vogel, Nic Peter;Selbst. Kaufmann
AfD;10;Dworeck-Danielowski, Iris;Versicherungsangestellte
AfD;11;Langguth, Alexander;Angestellter
AfD;12;Vincentz, Martin, Dr.;Arzt
AfD;13;Tritschler, Sven Werner;Angestellter
AfD;14;Blex , Christian, Dr.;Oberstudienrat
AfD;15;Walger-Demolsky, Gabriele;Betriebswirtin (VWA)
AfD;16;Röckemann, Thomas;Rechtsanwalt
