Wahlkreisnr.;Wahlkreisname;Partei;Name;Beruf
1;Aachen I;SPD;Schultheis, Karl;Gruppenleiter Forschung im Ministerium für Wissenschaft, Innovation und Forschung NRW
2;Aachen II;CDU;Laschet, Armin;Mitglied des Landtages
3;Aachen III;SPD;Voigt-Küppers, Eva-Maria;Staatl. anerkannte Erzieherin, Mitglied des Landtages
4;Aachen IV;SPD;Kämmerling, Stefan;Bankkaufmann, Mitglied des Landtages
5;Rhein-Erft-Kreis I;CDU;Plonsker, Romina;Bankkauffrau
6;Rhein-Erft-Kreis II;CDU;Rock, Frank;Schulleiter
7;Rhein-Erft-Kreis III;CDU;Golland, Gregor;Mitglied des Landtages, Dipl.-Kaufmann
8;Euskirchen I;CDU;Voussem, Klaus;Mitglied des Landtages
9;Heinsberg I;CDU;Krückel, Bernd;Steuerberater, Mitglied des Landtages
10;Heinsberg II;CDU;Schnelle, Thomas;Polizeibeamter
11;Düren I;CDU;Peill, Patricia, Dr.;Dipl.-Betriebswirtin, Landwirtin
12;Düren II – Euskirchen II;CDU;Nolten, Ralf, Dr.;Dipl.-Agraringenieur, wiss. Mitarbeiter
13;Köln I;CDU;Kehrl, Oliver;Geschäftsführender Gesellschaftler
14;Köln II;CDU;Petelkau, Bernd;Dipl.-Kaufmann
15;Köln III;SPD;Hammelrath, Gabriele;Dipl.-Pädagogin, Mitglied des Landtages
16;Köln IV;SPD;Kossiski, Andreas;Polizeibeamter
17;Köln V;CDU;Braun, Florian;Angestellter
18;Köln VI;SPD;Dos Santos Herrmann, Susana;PR-Beraterin
19;Köln VII;SPD;Börschel, Martin;Rechtsanwalt, Mitglied des Landtages
20;Leverkusen;CDU;Scholz, Rüdiger;Lehrer
21;Rheinisch-Bergischer Kreis I;CDU;Müller, Holger;Jurist, Mitglied des Landtages
22;Rheinisch-Bergischer Kreis II;CDU;Deppe, Rainer;Landwirt, Mitglied des Landtages
23;Oberbergischer Kreis I;CDU;Biesenbach, Peter;Rechtsanwalt, Mitglied des Landtages
24;Oberbergischer Kreis II;CDU;Löttgen, Bodo;Generalsekretär, Kriminalhauptkommissar a.D.
25;Rhein-Sieg-Kreis I;CDU;Franken, Björn;Dipl.-Kaufmann (FH)
26;Rhein-Sieg-Kreis II;CDU;Milz, Andrea;Referentin
27;Rhein-Sieg-Kreis III;CDU;Krauß, Oliver;Rechtsanwalt
28;Rhein-Sieg-Kreis IV;CDU;Gebauer, Katharina;Sozialpädagogin (B.A.)
29;Bonn I;CDU;Déus, Guido;Bundesbeamter, Leiter Presse/Kommunikation der BlmA
30;Bonn II;CDU;Katzidis, Christos Georg, Dr.;Polizeibeamter
31;Wuppertal I;SPD;Bell, Dietmar;Geschäftsführer, Mitglied des Landtages
32;Wuppertal II;SPD;Bialas, Andreas;Polizeibeamter, Mitglied des Landtages
33;Wuppertal III – Solingen II;SPD;Neumann, Josef;Geschäftsführer, Mitglied des Landtages
34;Solingen I;CDU;Moritz, Arne;Mitglied des Landtages
35;Remscheid – Oberbergischer Kreis III;CDU;Nettekoven, Jens-Peter;Soldat
36;Mettmann I;CDU;Schlottmann, Claudia;Betriebswirtin, Geschäftsführerin der CDU-Ratsfraktion
37;Mettmann II;CDU;Untrieser, Christian, Dr.;Referent für Energiepolitik, Rechtsanwalt
38;Mettmann III;CDU;Heinisch, Jan, Dr.;Bürgermeister, Jurist
39;Mettmann IV;CDU;Sträßer, Martin;Jurist, stellvertretender Geschäftsführer
40;Düsseldorf I;CDU;Lehne, Olaf;Rechtsanwalt
41;Düsseldorf II;CDU;Schmitz, Marco;Angestellter öffentlicher Dienst 
42;Düsseldorf III;CDU;Erwin, Angela;Rechtsanwältin
43;Düsseldorf IV;CDU;Preuß, Peter;Rechtsanwalt
44;Rhein-Kreis Neuss I;CDU;Geerlings, Jörg, Dr.;Rechtsanwalt
45;Rhein-Kreis Neuss II;CDU;Troles, Heike;Bilanzbuchhalterin
46;Rhein-Kreis Neuss III;CDU;Lienenkämper, Lutz;Staatsminister a.D. , Mitglied des Landtages
47;Krefeld I – Viersen III;CDU;Oellers, Britta;Bankkauffrau
48;Krefeld II;CDU;Blondin, Marc;Versicherungsfachmann (BWV)
49;Mönchengladbach I;CDU;Boss, Frank;CDU-Fraktionsgeschäftsführer
50;Mönchengladbach II;CDU;Klenner, Jochen;Redakteur, Geschäftsführer
51;Viersen I;CDU;Berger, Stefan, Dr.;Dozent
52;Viersen II;CDU;Optendrenk, Marcus, Dr.;Jurist
53;Kleve I;CDU;Voßeler, Margret;Selbst. landwirtschaftliche Unternehmerin
54;Kleve II;CDU;Bergmann, Günther , Dr.;Selbst. Unternehmensberater
55;Oberhausen I;SPD;Bongers, Sonja;Rechtsanwältin
56;Oberhausen II – Wesel I;SPD;Zimkeit, Stefan;Mitglied des Landtages
57;Wesel II;SPD;Schneider, René;Dipl.-Journalist, Mitglied des Landtages
58;Wesel III;CDU;Quik, Charlotte;Wiss. Mitarbeiterin
59;Wesel IV;SPD;Yetim, Ibrahim;Mitglied des Landtages
60;Duisburg I;SPD;Philipp, Sarah;Projektmanagerin, Mitglied des Landtages
61;Duisburg II;SPD;Bischoff, Rainer;Dipl.-Pädagoge, Mitglied des Landtages
62;Duisburg III;SPD;Jäger, Ralf;Kaufmann, Mitglied des Landtages
63;Duisburg IV – Wesel V;SPD;Börner, Frank;Kfm. Angestellter, Mitglied des Landtages
64;Mülheim I;SPD;Kraft, Hannelore;Dipl.-Ökonomin, Mitglied des Landtages
65;Essen I – Mülheim II;SPD;Kutschaty, Thomas;Justizminister, Mitglied des Landtages
66;Essen II;SPD;Müller, Frank;Angestellter
67;Essen III;SPD;Altenkamp, Britta;Angestellte, Mitglied des Landtages
68;Essen IV;CDU;Schrumpf, Fabian;Rechtsanwalt
69;Recklinghausen I;SPD;Becker, Andreas;Angestellter, Mitglied des Landtages
70;Recklinghausen II;SPD;Löcker, Carsten;Angestellter, Mitglied des Landtages
71;Recklinghausen III;SPD;Hübner, Michael Ralf;Geschäftsführer, Mitglied des Landtages
72;Recklinghausen IV;CDU;Hovenjürgen, Josef;Mitglied des Landtages
73;Recklinghausen V;SPD;Kapteinat, Lisa-Kristin;Rechtsanwältin, Juristin
74;Gelsenkirchen I;SPD;Gebhard, Heike;Dipl.-Mathematikerin, Mitglied des Landtages
75;Gelsenkirchen II;SPD;Watermeier, Sebastian;Historiker
76;Bottrop;SPD;Göddertz, Thomas;Dipl.-Kaufmann
77;Borken I;CDU;Wüst, Hendrik;Rechtsanwalt, Geschäftsführer
78;Borken II;CDU;Wermer, Heike;Wiss. Mitarbeiterin
79;Coesfeld I – Borken III;CDU;Korth, Wilhelm;Landmaschinenschlosser, Verwalter
80;Coesfeld II;CDU;Panske, Dietmar;Staatlich geprüfter Betriebswirt
81;Steinfurt I;CDU;Schulze Föcking, Christina;Staatlich geprüfte Landwirtin
82;Steinfurt II;CDU;Stullich, Andrea;Chefredakteurin
83;Steinfurt III;SPD;Sundermann, Frank;Gartenbauingenieur, Mitglied des Landtages
84;Münster I;CDU;Wendland, Simone;Rechtsanwältin
85;Münster II;CDU;Nacke, Stefan, Dr.;Wiss. Referent
86;Warendorf I;CDU;Hagemeier, Daniel;AOK Betriebswirt
87;Warendorf II;CDU;Rehbaum, Henning;Dipl.-Betriebswirt (FH)
88;Minden-Lübbecke I;CDU;Winkelmann, Bianca;Landwirtin
89;Minden-Lübbecke II;SPD;Weng, Christina;Fachkrankenschwester für Innere und Intensivmedizin
90;Herford I – Minden-Lübbecke III;SPD;Dahm, Christian;Polizeibeamter, Mitglied des Landtages
91;Herford II – Minden-Lübbecke IV;SPD;Lück, Angela;Krankenschwester, Mitglied des Landtages
92;Bielefeld I;SPD;Kampmann, Christina;Dipl.-Verwaltungswirtin
93;Bielefeld II;SPD;Kopp-Herr, Regina;Pädagogische Fachkraft, Mitglied des Landtages
94;Gütersloh I – Bielefeld III;SPD;Fortmeier, Georg;Jurist, Mitglied des Landtages
95;Gütersloh II;CDU;Tigges, Raphael;Sparkassenbetriebswirt
96;Gütersloh III;CDU;Kuper, André;Bürgermeister a. D. , Mitglied des Landtages
97;Lippe I;SPD;Stock, Ellen;Bekleidungstechnikerin
98;Lippe II;SPD;Berghahn, Jürgen;Elektroinstallateur, Mitglied des Landtages
99;Lippe III;SPD;Maelzer, Dennis, Dr.;Politikwissenschaftler, Mitglied des Landtages
100;Paderborn I;CDU;Hoppe-Biermeyer, Bernhard;Selbst. Unternehmer
101;Paderborn II;CDU;Sieveke, Daniel;Sparkassenbetriebswirt, Mitglied des Landtages
102;Höxter;CDU;Goeken, Matthias;Bäckermeister
103;Hagen I;SPD;Jörg, Wolfgang;Dipl.-Sozialarbeiter, Mitglied des Landtages
104;Hagen II – Ennepe-Ruhr-Kreis III;SPD;Kramer, Hubertus;Journalist, Mitglied des Landtages
105;Ennepe-Ruhr-Kreis I;SPD;Bovermann, Rainer, Prof. Dr.;Politikwissenschaftler, Mitglied des Landtages
106;Ennepe-Ruhr-Kreis II;SPD;Büteführ, Nadja, Dr.;Kommunikationswissenschaftlerin
107;Bochum I;SPD;Gödecke, Carina;Mitglied des Landtages
108;Bochum II;SPD;Rudolph, Karsten, Dr.;Historiker
109;Bochum III – Herne II;SPD;Yüksel, Serdar;Krankenpfleger, Mitglied des Landtages
110;Herne I;SPD;Vogt, Alexander;Journalist, Mitglied des Landtages
111;Dortmund I;SPD;Jahl, Armin;Angestellter, Mitglied des Landtages
112;Dortmund II;SPD;Baran, Volkan;Angestellter
113;Dortmund III;SPD;Lüders, Nadja;Rechtsanwältin, Mitglied des Landtages
114;Dortmund IV;SPD;Butschkau, Anja;Dipl.-Sozialarbeiterin
115;Unna I;SPD;Ganzke, Hartmut;Rechtsanwalt, Mitglied des Landtages
116;Unna II;SPD;Schmeltzer, Rainer;Gewerkschaftssekretär, Mitglied des Landtages
117;Unna III – Hamm II;SPD;Weiß, Rüdiger;Schulleiter, Mitglied des Landtages
118;Hamm I;SPD;Herter, Marc;Angestellter, Mitglied des Landtages
119;Soest I;CDU;Frieling, Heinrich;Rechtsanwalt
120;Soest II;CDU;Blöming, Jörg;Dipl.-Verwaltungswirt (FH), Aufgabenbereichsleiter
121;Märkischer Kreis I;CDU;Schick, Thorsten;Dipl.-Kaufmann, Lehrer
122;Märkischer Kreis II;CDU;Voge, Marco;Büroleiter, Wiss. Referent, Dipl.-Wissenschaftler
123;Märkischer Kreis III;SPD;Dudas, Gordan;Angest. Ausbildungsleiter, Mitglied des Landtages
124;Hochsauerlandkreis I;CDU;Kaiser, Klaus;Mitglied des Landtages
125;Hochsauerlandkreis II;CDU;Kerkhoff, Matthias;Mitglied des Landtags
126;Siegen-Wittgenstein I;CDU;Kamieth, Jens;Rechtsanwalt, Mitglied des Landtages
127;Siegen-Wittgenstein II;CDU;Fuchs-Dreisbach, Anke;Physiotherapeutin
128;Olpe;CDU;Ritter, Jochen;Dipl.-Verwaltungswirt, Dipl.-Wirtschaftsingenieur
